case_id,task_family,source_dataset,expected_output,model_slot,provider,model_id,n_repetitions,ECS,EVR,EDI
OE-001,open_ended_reasoning,UltraChat,not_applicable,gpt54,openai,gpt-5.4,5,0.28061676285485454,0.7432841872295779,0.7169813581262562
OE-001,open_ended_reasoning,UltraChat,not_applicable,gpt54mini,openai,gpt-5.4-mini,5,0.3131097907928019,0.691874094459612,0.7773189709448397
OE-002,open_ended_reasoning,UltraChat,not_applicable,gpt54,openai,gpt-5.4,5,0.2845562845863935,0.6899941307092013,0.6583127028270223
OE-002,open_ended_reasoning,UltraChat,not_applicable,gpt54mini,openai,gpt-5.4-mini,5,0.37604187752595947,0.6382522216026223,0.5469762840358448
OE-003,open_ended_reasoning,UltraChat,not_applicable,gpt54,openai,gpt-5.4,5,0.46957019265546124,0.5363295397215389,0.5640454182279724
OE-003,open_ended_reasoning,UltraChat,not_applicable,gpt54mini,openai,gpt-5.4-mini,5,0.262533064860874,0.7395202042959594,0.7118487040354766
OE-004,open_ended_reasoning,UltraChat,not_applicable,gpt54,openai,gpt-5.4,5,0.5426047817922924,0.4657737279963813,0.4055966682400407
OE-004,open_ended_reasoning,UltraChat,not_applicable,gpt54mini,openai,gpt-5.4-mini,5,0.5785968764308315,0.39809438743240166,0.3944600943970756
OE-005,open_ended_reasoning,UltraChat,not_applicable,gpt54,openai,gpt-5.4,5,0.4697909362990627,0.5157429505176758,0.5351964533184383
OE-005,open_ended_reasoning,UltraChat,not_applicable,gpt54mini,openai,gpt-5.4-mini,5,0.38629997686543327,0.5957559634011376,0.595481704854673
OE-006,open_ended_reasoning,UltraChat,not_applicable,gpt54,openai,gpt-5.4,5,0.47055109134699225,0.566084580165605,0.5487040098762135
OE-006,open_ended_reasoning,UltraChat,not_applicable,gpt54mini,openai,gpt-5.4-mini,5,0.45188676369993636,0.5404965931274233,0.5267912127514063
OE-007,open_ended_reasoning,UltraChat,not_applicable,gpt54,openai,gpt-5.4,5,0.4085613063057415,0.6000388964298194,0.5205389870532796
OE-007,open_ended_reasoning,UltraChat,not_applicable,gpt54mini,openai,gpt-5.4-mini,5,0.46231291823895376,0.526854158967507,0.5418465223225587
OE-008,open_ended_reasoning,UltraChat,not_applicable,gpt54,openai,gpt-5.4,5,0.2676825269941535,0.7251952239890939,0.6934184967804833
OE-008,open_ended_reasoning,UltraChat,not_applicable,gpt54mini,openai,gpt-5.4-mini,5,0.1261635507811776,0.9188418769119453,0.8831659778295817
OE-009,open_ended_reasoning,UltraChat,not_applicable,gpt54,openai,gpt-5.4,5,0.5633675239055858,0.42108330151059814,0.4177918089772097
OE-009,open_ended_reasoning,UltraChat,not_applicable,gpt54mini,openai,gpt-5.4-mini,5,0.42323921508261897,0.6196870976033755,0.5636921297178645
OE-010,open_ended_reasoning,UltraChat,not_applicable,gpt54,openai,gpt-5.4,5,0.297628982575204,0.6863220803772028,0.7254571517064865
OE-010,open_ended_reasoning,UltraChat,not_applicable,gpt54mini,openai,gpt-5.4-mini,5,0.20933409458243166,0.8220369287219464,0.7574750446282498
OE-011,open_ended_reasoning,UltraChat,not_applicable,gpt54,openai,gpt-5.4,5,0.38162677836511294,0.5890815344510856,0.6313241474486826
OE-011,open_ended_reasoning,UltraChat,not_applicable,gpt54mini,openai,gpt-5.4-mini,5,0.23712347175970666,0.8160306586603046,0.7093331753221632
OE-012,open_ended_reasoning,UltraChat,not_applicable,gpt54,openai,gpt-5.4,5,0.37672856936690097,0.6170909371917895,0.6454986843066471
OE-012,open_ended_reasoning,UltraChat,not_applicable,gpt54mini,openai,gpt-5.4-mini,5,0.3453776922703827,0.7090123010154479,0.622980152791472
OE-013,open_ended_reasoning,UltraChat,not_applicable,gpt54,openai,gpt-5.4,5,0.512463905387963,0.4657463290494229,0.548581543876219
OE-013,open_ended_reasoning,UltraChat,not_applicable,gpt54mini,openai,gpt-5.4-mini,5,0.5046917339688202,0.49211288341533804,0.5386992916147991
OE-014,open_ended_reasoning,UltraChat,not_applicable,gpt54,openai,gpt-5.4,5,0.6285661389682764,0.38083375042569184,0.35985502062115027
OE-014,open_ended_reasoning,UltraChat,not_applicable,gpt54mini,openai,gpt-5.4-mini,5,0.48357172583079244,0.5106731241240685,0.5722402680658676
OE-015,open_ended_reasoning,UltraChat,not_applicable,gpt54,openai,gpt-5.4,5,0.3543241031612542,0.6625717615995552,0.6097698609885243
OE-015,open_ended_reasoning,UltraChat,not_applicable,gpt54mini,openai,gpt-5.4-mini,5,0.3139948945799539,0.6870977727541561,0.697510978937619
OE-016,open_ended_reasoning,UltraChat,not_applicable,gpt54,openai,gpt-5.4,5,0.4606047364916043,0.47656018880754214,0.6135512952427522
OE-016,open_ended_reasoning,UltraChat,not_applicable,gpt54mini,openai,gpt-5.4-mini,5,0.368529605087237,0.634231841813252,0.5993458713163105
OE-017,open_ended_reasoning,UltraChat,not_applicable,gpt54,openai,gpt-5.4,5,0.6473553229154827,0.34282856094757086,0.3817698275587239
OE-017,open_ended_reasoning,UltraChat,not_applicable,gpt54mini,openai,gpt-5.4-mini,5,0.6831172630397546,0.2680945539454409,0.3342484328668377
OE-018,open_ended_reasoning,UltraChat,not_applicable,gpt54,openai,gpt-5.4,5,0.4702797690852643,0.5109990349468645,0.5266199952474802
OE-018,open_ended_reasoning,UltraChat,not_applicable,gpt54mini,openai,gpt-5.4-mini,5,0.31804546440354103,0.6311722600412355,0.6877160425511315
OE-019,open_ended_reasoning,WildChat-1M,not_applicable,gpt54,openai,gpt-5.4,5,0.5825221375144733,0.42536674463837126,0.43019923671502336
OE-019,open_ended_reasoning,WildChat-1M,not_applicable,gpt54mini,openai,gpt-5.4-mini,5,0.5717110474940871,0.46946637610931174,0.3929138263043824
OE-020,open_ended_reasoning,WildChat-1M,not_applicable,gpt54,openai,gpt-5.4,5,0.4794295284510789,0.4971518818000539,0.5923579060688215
OE-020,open_ended_reasoning,WildChat-1M,not_applicable,gpt54mini,openai,gpt-5.4-mini,5,0.4870242754205285,0.5846414206401638,0.4822846557667923
OE-021,open_ended_reasoning,WildChat-1M,not_applicable,gpt54,openai,gpt-5.4,5,0.3120790720451339,0.7059985235124273,0.6785065403342155
OE-021,open_ended_reasoning,WildChat-1M,not_applicable,gpt54mini,openai,gpt-5.4-mini,5,0.2124458986607963,0.8389272604484923,0.7794166878457637
OE-022,open_ended_reasoning,WildChat-1M,not_applicable,gpt54,openai,gpt-5.4,5,0.46738925583908275,0.547943409957468,0.5021282612055261
OE-022,open_ended_reasoning,WildChat-1M,not_applicable,gpt54mini,openai,gpt-5.4-mini,5,0.3518154988047205,0.7002949542831276,0.6119215221082995
OE-023,open_ended_reasoning,WildChat-1M,not_applicable,gpt54,openai,gpt-5.4,5,0.8956698329492383,0.10044932419597191,0.09527280693954654
OE-023,open_ended_reasoning,WildChat-1M,not_applicable,gpt54mini,openai,gpt-5.4-mini,5,0.8062457174866786,0.19349579672557962,0.19973572716480467
OE-024,open_ended_reasoning,WildChat-1M,not_applicable,gpt54,openai,gpt-5.4,5,0.6047812255493481,0.39380914269196343,0.3417177751800872
OE-024,open_ended_reasoning,WildChat-1M,not_applicable,gpt54mini,openai,gpt-5.4-mini,5,0.33197077332632774,0.6728389286901256,0.6439252925056516
OE-025,open_ended_reasoning,WildChat-1M,not_applicable,gpt54,openai,gpt-5.4,5,0.4055644269027458,0.6208044047323602,0.5749603041203868
OE-025,open_ended_reasoning,WildChat-1M,not_applicable,gpt54mini,openai,gpt-5.4-mini,5,0.30482323720055876,0.6760916469502646,0.6691778079813423
OE-026,open_ended_reasoning,WildChat-1M,not_applicable,gpt54,openai,gpt-5.4,5,0.8299054889023522,0.17789791670477484,0.14636782271899382
OE-026,open_ended_reasoning,WildChat-1M,not_applicable,gpt54mini,openai,gpt-5.4-mini,5,0.8571775487027591,0.1403925025173532,0.13993192633110682
OE-027,open_ended_reasoning,WildChat-1M,not_applicable,gpt54,openai,gpt-5.4,5,0.6664649164261242,0.35409684305881217,0.33179300342110096
OE-027,open_ended_reasoning,WildChat-1M,not_applicable,gpt54mini,openai,gpt-5.4-mini,5,0.5184459351658619,0.5478218321407727,0.39420167749859686
OE-028,open_ended_reasoning,WildChat-1M,not_applicable,gpt54,openai,gpt-5.4,5,0.4827202445692089,0.5351019062831528,0.4811304645550357
OE-028,open_ended_reasoning,WildChat-1M,not_applicable,gpt54mini,openai,gpt-5.4-mini,5,0.4532606372875261,0.5783531086324321,0.5498825680452611
OE-029,open_ended_reasoning,WildChat-1M,not_applicable,gpt54,openai,gpt-5.4,5,0.27770268536293097,0.7056882888176034,0.7802690187511616
OE-029,open_ended_reasoning,WildChat-1M,not_applicable,gpt54mini,openai,gpt-5.4-mini,5,0.350655460647242,0.5979088099541494,0.6676409024573252
OE-030,open_ended_reasoning,WildChat-1M,not_applicable,gpt54,openai,gpt-5.4,5,0.5076397053736261,0.5179407234350306,0.5205443182584792
OE-030,open_ended_reasoning,WildChat-1M,not_applicable,gpt54mini,openai,gpt-5.4-mini,5,0.43219229049792734,0.5533379611875895,0.5302609591003786
OE-031,open_ended_reasoning,WildChat-1M,not_applicable,gpt54,openai,gpt-5.4,5,0.7912296540664046,0.2030799455483999,0.18668426539947827
OE-031,open_ended_reasoning,WildChat-1M,not_applicable,gpt54mini,openai,gpt-5.4-mini,5,0.5335793383195153,0.4430564663716625,0.5678510142390605
OE-032,open_ended_reasoning,WildChat-1M,not_applicable,gpt54,openai,gpt-5.4,5,0.36688285788883723,0.5970616504592998,0.6436457843366754
OE-032,open_ended_reasoning,WildChat-1M,not_applicable,gpt54mini,openai,gpt-5.4-mini,5,0.4306884457007845,0.5383760915208388,0.5477719298172268
OE-033,open_ended_reasoning,WildChat-1M,not_applicable,gpt54,openai,gpt-5.4,5,0.4525507264112855,0.5035540010549527,0.5401316489793606
OE-033,open_ended_reasoning,WildChat-1M,not_applicable,gpt54mini,openai,gpt-5.4-mini,5,0.5101995585472764,0.46266992339437774,0.473481006104952
OE-034,open_ended_reasoning,WildChat-1M,not_applicable,gpt54,openai,gpt-5.4,5,0.310294202081477,0.734421606486064,0.607202933335617
OE-034,open_ended_reasoning,WildChat-1M,not_applicable,gpt54mini,openai,gpt-5.4-mini,5,0.20023308068916984,0.7790406201934689,0.8209644344070226
OE-035,open_ended_reasoning,WildChat-1M,not_applicable,gpt54,openai,gpt-5.4,5,0.5153651002072862,0.5029726087324444,0.4357523590396685
OE-035,open_ended_reasoning,WildChat-1M,not_applicable,gpt54mini,openai,gpt-5.4-mini,5,0.5156407462806957,0.5015242197035558,0.488612340099045
SD-001,structured_decision_support,OULAD,Distinction,gpt54,openai,gpt-5.4,5,0.4889816551981281,0.4872893065352073,0.5687008186338085
SD-001,structured_decision_support,OULAD,Distinction,gpt54mini,openai,gpt-5.4-mini,5,0.4424236877186514,0.5831949944380346,0.5513265990211105
SD-002,structured_decision_support,OULAD,Fail,gpt54,openai,gpt-5.4,5,0.42573873763629966,0.5964932157139268,0.6082370279135285
SD-002,structured_decision_support,OULAD,Fail,gpt54mini,openai,gpt-5.4-mini,5,0.4039041787106211,0.6110934415583866,0.5826984917609008
SD-003,structured_decision_support,OULAD,Pass,gpt54,openai,gpt-5.4,5,0.4829319824484526,0.5068570089737745,0.48742811770106276
SD-003,structured_decision_support,OULAD,Pass,gpt54mini,openai,gpt-5.4-mini,5,0.4467818649275233,0.5061039935456394,0.5719461667245963
SD-004,structured_decision_support,OULAD,Distinction,gpt54,openai,gpt-5.4,5,0.4498774634535455,0.5777800923614903,0.5201022660923893
SD-004,structured_decision_support,OULAD,Distinction,gpt54mini,openai,gpt-5.4-mini,5,0.4329704568084855,0.5519804490117173,0.5479515972252161
SD-005,structured_decision_support,OULAD,Withdrawn,gpt54,openai,gpt-5.4,5,0.40562886449074964,0.5777754683760408,0.6478671930851461
SD-005,structured_decision_support,OULAD,Withdrawn,gpt54mini,openai,gpt-5.4-mini,5,0.4050034383667633,0.5983029669402149,0.5954421722043891
SD-006,structured_decision_support,OULAD,Pass,gpt54,openai,gpt-5.4,5,0.5111514570835899,0.463262176207894,0.4573889773499633
SD-006,structured_decision_support,OULAD,Pass,gpt54mini,openai,gpt-5.4-mini,5,0.40173033858746116,0.6338074527018251,0.5495507514507139
SD-007,structured_decision_support,OULAD,Distinction,gpt54,openai,gpt-5.4,5,0.40904256903083847,0.5381380211753605,0.6238727278681966
SD-007,structured_decision_support,OULAD,Distinction,gpt54mini,openai,gpt-5.4-mini,5,0.3949079046052807,0.5861338225571309,0.7138195508403617
SD-008,structured_decision_support,OULAD,Pass,gpt54,openai,gpt-5.4,5,0.5176336436297827,0.4386637498152065,0.5415421892770517
SD-008,structured_decision_support,OULAD,Pass,gpt54mini,openai,gpt-5.4-mini,5,0.49623793111313663,0.4787789164762204,0.47466270440324104
SD-009,structured_decision_support,OULAD,Withdrawn,gpt54,openai,gpt-5.4,5,0.4122615494652034,0.5813697983802991,0.5542679091839556
SD-009,structured_decision_support,OULAD,Withdrawn,gpt54mini,openai,gpt-5.4-mini,5,0.4599012713231404,0.5193479876663011,0.5571686507561866
SD-010,structured_decision_support,OULAD,Distinction,gpt54,openai,gpt-5.4,5,0.47813975666559366,0.5373594302302513,0.5414494206625586
SD-010,structured_decision_support,OULAD,Distinction,gpt54mini,openai,gpt-5.4-mini,5,0.38805062510509997,0.6047614800126755,0.602791828832141
SD-011,structured_decision_support,OULAD,Fail,gpt54,openai,gpt-5.4,5,0.47212333820436714,0.5604567079152336,0.530859538355317
SD-011,structured_decision_support,OULAD,Fail,gpt54mini,openai,gpt-5.4-mini,5,0.42002811213087793,0.5375560290521686,0.5515538921318655
SD-012,structured_decision_support,OULAD,Fail,gpt54,openai,gpt-5.4,5,0.6088203945794862,0.42554908213312204,0.31171498048830204
SD-012,structured_decision_support,OULAD,Fail,gpt54mini,openai,gpt-5.4-mini,5,0.4003743735349352,0.5425780109637882,0.6548798897076591
SD-013,structured_decision_support,OULAD,Distinction,gpt54,openai,gpt-5.4,5,0.5201097808735501,0.5038622273979966,0.4735780268320734
SD-013,structured_decision_support,OULAD,Distinction,gpt54mini,openai,gpt-5.4-mini,5,0.4113894501580072,0.5722801229149397,0.586024302400675
SD-014,structured_decision_support,OULAD,Pass,gpt54,openai,gpt-5.4,5,0.37063299667744115,0.6660404786463769,0.5982888043403205
SD-014,structured_decision_support,OULAD,Pass,gpt54mini,openai,gpt-5.4-mini,5,0.3920792755309553,0.6264580421852227,0.5871071203801992
SD-015,structured_decision_support,OULAD,Pass,gpt54,openai,gpt-5.4,5,0.4582874072098561,0.5080640136928695,0.5546370328050939
SD-015,structured_decision_support,OULAD,Pass,gpt54mini,openai,gpt-5.4-mini,5,0.3690320542290896,0.6269844996545899,0.6258346648005093
SD-016,structured_decision_support,OULAD,Fail,gpt54,openai,gpt-5.4,5,0.3932361861458515,0.6342357327753387,0.6024762631938803
SD-016,structured_decision_support,OULAD,Fail,gpt54mini,openai,gpt-5.4-mini,5,0.4825632833597228,0.5198103641859447,0.515134697163784
SD-017,structured_decision_support,OULAD,Withdrawn,gpt54,openai,gpt-5.4,5,0.49014660733205107,0.5369027215657021,0.47724208948998287
SD-017,structured_decision_support,OULAD,Withdrawn,gpt54mini,openai,gpt-5.4-mini,5,0.41468415921935026,0.6060108023038182,0.6018285563097423
SD-018,structured_decision_support,OULAD,Fail,gpt54,openai,gpt-5.4,5,0.4176011687364255,0.607995055444833,0.6499096018751818
SD-018,structured_decision_support,OULAD,Fail,gpt54mini,openai,gpt-5.4-mini,5,0.4041155073988893,0.5873928995471147,0.6195805001194891
SD-019,structured_decision_support,OULAD,Pass,gpt54,openai,gpt-5.4,5,0.48092180670602874,0.47612890428526466,0.5391657730856149
SD-019,structured_decision_support,OULAD,Pass,gpt54mini,openai,gpt-5.4-mini,5,0.3576337178766832,0.5889470751354787,0.6362838104914732
SD-020,structured_decision_support,OULAD,Distinction,gpt54,openai,gpt-5.4,5,0.4508371271285652,0.5449456550511782,0.5062259763835688
SD-020,structured_decision_support,OULAD,Distinction,gpt54mini,openai,gpt-5.4-mini,5,0.4276865834664417,0.5702581849209254,0.5504759632671287
SD-021,structured_decision_support,OULAD,Distinction,gpt54,openai,gpt-5.4,5,0.3946010643135295,0.5837631190797937,0.583634409186238
SD-021,structured_decision_support,OULAD,Distinction,gpt54mini,openai,gpt-5.4-mini,5,0.3906138722905235,0.6428711081471709,0.5689904090903808
SD-022,structured_decision_support,OULAD,Fail,gpt54,openai,gpt-5.4,5,0.46479475557857475,0.5427768921206211,0.5126662629188052
SD-022,structured_decision_support,OULAD,Fail,gpt54mini,openai,gpt-5.4-mini,5,0.4071493484615113,0.5726934591208661,0.6324731717573311
SD-023,structured_decision_support,OULAD,Withdrawn,gpt54,openai,gpt-5.4,5,0.4303977110847854,0.5303218930245447,0.6019934358548895
SD-023,structured_decision_support,OULAD,Withdrawn,gpt54mini,openai,gpt-5.4-mini,5,0.4109089603174792,0.6194766171959406,0.5502546782593001
SD-024,structured_decision_support,OULAD,Pass,gpt54,openai,gpt-5.4,5,0.43089492713216576,0.5708372279017236,0.6269049776328548
SD-024,structured_decision_support,OULAD,Pass,gpt54mini,openai,gpt-5.4-mini,5,0.4083171441901804,0.6080768717630942,0.6075593463708009
SD-025,structured_decision_support,OULAD,Fail,gpt54,openai,gpt-5.4,5,0.47372715684822425,0.49383869215255577,0.5150893636507284
SD-025,structured_decision_support,OULAD,Fail,gpt54mini,openai,gpt-5.4-mini,5,0.464614027479345,0.5123897090558258,0.5215770621525868
SD-026,structured_decision_support,OULAD,Withdrawn,gpt54,openai,gpt-5.4,5,0.46120724889669573,0.579490717043335,0.4855593642196159
SD-026,structured_decision_support,OULAD,Withdrawn,gpt54mini,openai,gpt-5.4-mini,5,0.43849086360886097,0.5661556657443694,0.5294512412404144
SD-027,structured_decision_support,OULAD,Withdrawn,gpt54,openai,gpt-5.4,5,0.46630629507192134,0.5767426240168534,0.5322390115505314
SD-027,structured_decision_support,OULAD,Withdrawn,gpt54mini,openai,gpt-5.4-mini,5,0.3569723995273333,0.6631619781960163,0.6411239274771718
SD-028,structured_decision_support,OULAD,Distinction,gpt54,openai,gpt-5.4,5,0.42329061437978865,0.5913427070780227,0.540182907147492
SD-028,structured_decision_support,OULAD,Distinction,gpt54mini,openai,gpt-5.4-mini,5,0.4456175692131071,0.5507069849138833,0.5675557913279893
SD-029,structured_decision_support,OULAD,Pass,gpt54,openai,gpt-5.4,5,0.43150033961060397,0.6198809511402597,0.506000582317829
SD-029,structured_decision_support,OULAD,Pass,gpt54mini,openai,gpt-5.4-mini,5,0.3372210256404674,0.6809443733307121,0.6458433151865262
SD-030,structured_decision_support,OULAD,Withdrawn,gpt54,openai,gpt-5.4,5,0.5004835182827101,0.4904498816906223,0.4850944711860402
SD-030,structured_decision_support,OULAD,Withdrawn,gpt54mini,openai,gpt-5.4-mini,5,0.40498726677289226,0.6134911279490731,0.6055691307847398
TC-001,text_classification,BBC,tech,gpt54,openai,gpt-5.4,5,0.6496501058617279,0.3241549115999494,0.3886890280634775
TC-001,text_classification,BBC,tech,gpt54mini,openai,gpt-5.4-mini,5,0.5874366849772377,0.3625952945360813,0.41363205843892115
TC-002,text_classification,BBC,politics,gpt54,openai,gpt-5.4,5,0.6352226651525998,0.39396740002562125,0.3921676944762657
TC-002,text_classification,BBC,politics,gpt54mini,openai,gpt-5.4-mini,5,0.7348898557632764,0.2750816257846235,0.26520157784837417
TC-003,text_classification,BBC,business,gpt54,openai,gpt-5.4,5,0.5870683674528221,0.40704281576488577,0.37187757149972367
TC-003,text_classification,BBC,business,gpt54mini,openai,gpt-5.4-mini,5,0.5898732728890436,0.44622401452277294,0.37077994793095853
TC-004,text_classification,BBC,entertainment,gpt54,openai,gpt-5.4,5,0.6658361884011805,0.3352838379055545,0.3227912398604207
TC-004,text_classification,BBC,entertainment,gpt54mini,openai,gpt-5.4-mini,5,0.8426695174872142,0.1749942235969876,0.1439973750039437
TC-005,text_classification,BBC,sport,gpt54,openai,gpt-5.4,5,0.6545947324554462,0.33413547385276,0.3377435774206358
TC-005,text_classification,BBC,sport,gpt54mini,openai,gpt-5.4-mini,5,0.6296611243131155,0.38212944330458154,0.33292698871426024
TC-006,text_classification,BBC,sport,gpt54,openai,gpt-5.4,5,0.7138078776445244,0.25895361059272415,0.2739632797024174
TC-006,text_classification,BBC,sport,gpt54mini,openai,gpt-5.4-mini,5,0.7264552067299029,0.28155500479003776,0.3041478587493867
TC-007,text_classification,BBC,business,gpt54,openai,gpt-5.4,5,0.588995995270018,0.3913843159790643,0.4429110348054704
TC-007,text_classification,BBC,business,gpt54mini,openai,gpt-5.4-mini,5,0.6091474619922554,0.3506158776264253,0.3878302407637034
TC-008,text_classification,BBC,sport,gpt54,openai,gpt-5.4,5,0.5444635056180729,0.44380954466997785,0.4145354136617574
TC-008,text_classification,BBC,sport,gpt54mini,openai,gpt-5.4-mini,5,0.6440497857785039,0.3747451404227521,0.34555141921179977
TC-009,text_classification,BBC,politics,gpt54,openai,gpt-5.4,5,0.7345685420049015,0.2700626674828137,0.2643677612323734
TC-009,text_classification,BBC,politics,gpt54mini,openai,gpt-5.4-mini,5,0.7186280923510903,0.3096577958306611,0.2538582892328828
TC-010,text_classification,BBC,sport,gpt54,openai,gpt-5.4,5,0.6745151656600296,0.3503775240061302,0.30819125586298235
TC-010,text_classification,BBC,sport,gpt54mini,openai,gpt-5.4-mini,5,0.6642637546238912,0.3345681056315207,0.30327354119357325
TC-011,text_classification,BBC,entertainment,gpt54,openai,gpt-5.4,5,0.438934015414114,0.5539611348437478,0.6036978540379054
TC-011,text_classification,BBC,entertainment,gpt54mini,openai,gpt-5.4-mini,5,0.5380054805691161,0.4601856368598559,0.4414987017915454
TC-012,text_classification,BBC,tech,gpt54,openai,gpt-5.4,5,0.527380974375541,0.4732489707177342,0.4880805793827825
TC-012,text_classification,BBC,tech,gpt54mini,openai,gpt-5.4-mini,5,0.5946096598930121,0.3956482972269506,0.4167322977848242
TC-013,text_classification,BBC,entertainment,gpt54,openai,gpt-5.4,5,0.6370399495245319,0.3489782097189576,0.3927383360285251
TC-013,text_classification,BBC,entertainment,gpt54mini,openai,gpt-5.4-mini,5,0.6910568849021452,0.3299354660504715,0.31236126393934116
TC-014,text_classification,BBC,business,gpt54,openai,gpt-5.4,5,0.7121046878566016,0.2535507182754343,0.33558869701143884
TC-014,text_classification,BBC,business,gpt54mini,openai,gpt-5.4-mini,5,0.6806822765675375,0.3602148221485336,0.3060724399728471
TC-015,text_classification,BBC,business,gpt54,openai,gpt-5.4,5,0.5994118381595496,0.38696503205042404,0.36521036327998
TC-015,text_classification,BBC,business,gpt54mini,openai,gpt-5.4-mini,5,0.7204970940201029,0.2933844595990331,0.2472676850095112
TC-016,text_classification,BBC,sport,gpt54,openai,gpt-5.4,5,0.698203972057079,0.26961719569994325,0.3472933078184703
TC-016,text_classification,BBC,sport,gpt54mini,openai,gpt-5.4-mini,5,0.7282151435409773,0.23897867727451838,0.3129289090410279
TC-017,text_classification,BBC,politics,gpt54,openai,gpt-5.4,5,0.6539761727476608,0.33709139935178234,0.35039773898841053
TC-017,text_classification,BBC,politics,gpt54mini,openai,gpt-5.4-mini,5,0.6714732810799303,0.2987614473195893,0.334244336328267
TC-018,text_classification,BBC,tech,gpt54,openai,gpt-5.4,5,0.7210790055731182,0.3003060156254945,0.26848580071846767
TC-018,text_classification,BBC,tech,gpt54mini,openai,gpt-5.4-mini,5,0.6109434666224554,0.44172607157142785,0.35148988609542486
TC-019,text_classification,BBC,business,gpt54,openai,gpt-5.4,5,0.5569303733002405,0.4400528890646511,0.4519489863348486
TC-019,text_classification,BBC,business,gpt54mini,openai,gpt-5.4-mini,5,0.6040423482270627,0.43088759879268923,0.42314091426915407
TC-020,text_classification,BBC,politics,gpt54,openai,gpt-5.4,5,0.6299749698882656,0.3402570455242847,0.35525013099197966
TC-020,text_classification,BBC,politics,gpt54mini,openai,gpt-5.4-mini,5,0.6683403382673305,0.30774244174489485,0.3689900140222002
TC-021,text_classification,BBC,tech,gpt54,openai,gpt-5.4,5,0.46731257775409174,0.43068444083454915,0.6062573698321634
TC-021,text_classification,BBC,tech,gpt54mini,openai,gpt-5.4-mini,5,0.6679735503664846,0.32913267958703796,0.3601520532107648
TC-022,text_classification,BBC,entertainment,gpt54,openai,gpt-5.4,5,0.6383281646429373,0.3808661484625764,0.3541298079825116
TC-022,text_classification,BBC,entertainment,gpt54mini,openai,gpt-5.4-mini,5,0.6211997641032038,0.34058273060268884,0.5648749494705514
TC-023,text_classification,BBC,tech,gpt54,openai,gpt-5.4,5,0.6780228858446717,0.3055005532598828,0.3439255796274904
TC-023,text_classification,BBC,tech,gpt54mini,openai,gpt-5.4-mini,5,0.7083469702112763,0.29990981311975395,0.25097943363583186
TC-024,text_classification,BBC,politics,gpt54,openai,gpt-5.4,5,0.6376611504856838,0.35975239090763733,0.3855922364792612
TC-024,text_classification,BBC,politics,gpt54mini,openai,gpt-5.4-mini,5,0.5835953030074716,0.39319130120186796,0.40881225676619226
TC-025,text_classification,BBC,entertainment,gpt54,openai,gpt-5.4,5,0.5956152696172594,0.4285244871169355,0.4052272181375658
TC-025,text_classification,BBC,entertainment,gpt54mini,openai,gpt-5.4-mini,5,0.5944119472548292,0.3948949144692664,0.4263914405679323
TC-026,text_classification,BBC,entertainment,gpt54,openai,gpt-5.4,5,0.7094036651451382,0.32064696926730096,0.27134921585508665
TC-026,text_classification,BBC,entertainment,gpt54mini,openai,gpt-5.4-mini,5,0.7046744411480196,0.2753483696907322,0.3265847562740861
TC-027,text_classification,BBC,sport,gpt54,openai,gpt-5.4,5,0.7043566542764089,0.27671319245541354,0.33898257249295016
TC-027,text_classification,BBC,sport,gpt54mini,openai,gpt-5.4-mini,5,0.631681166237993,0.37912242329599377,0.3827600964997768
TC-028,text_classification,BBC,tech,gpt54,openai,gpt-5.4,5,0.6640460133503117,0.33245269851029374,0.333726819256698
TC-028,text_classification,BBC,tech,gpt54mini,openai,gpt-5.4-mini,5,0.8118840484512543,0.18658160618994507,0.17179616008096885
TC-029,text_classification,BBC,business,gpt54,openai,gpt-5.4,5,0.5639610098417374,0.4284187279873938,0.44651129320593985
TC-029,text_classification,BBC,business,gpt54mini,openai,gpt-5.4-mini,5,0.6614261694886484,0.3394310874899039,0.3055064224001559
TC-030,text_classification,BBC,politics,gpt54,openai,gpt-5.4,5,0.5265334769982898,0.46804898714726323,0.44464834978478673
TC-030,text_classification,BBC,politics,gpt54mini,openai,gpt-5.4-mini,5,0.5955516037774744,0.3656736711695388,0.40087163214762805
TC-031,text_classification,BBC,tech,gpt54,openai,gpt-5.4,5,0.7220786224842305,0.28684732081282194,0.3150357879397341
TC-031,text_classification,BBC,tech,gpt54mini,openai,gpt-5.4-mini,5,0.6933838559925968,0.30707304230684956,0.27890772809903563
TC-032,text_classification,BBC,entertainment,gpt54,openai,gpt-5.4,5,0.6132581476996609,0.39251267423927616,0.4067437945246659
TC-032,text_classification,BBC,entertainment,gpt54mini,openai,gpt-5.4-mini,5,0.6210908877199095,0.36577439391777944,0.4234974645665354
TC-033,text_classification,BBC,sport,gpt54,openai,gpt-5.4,5,0.6626526164694336,0.32736888155429095,0.328213080006834
TC-033,text_classification,BBC,sport,gpt54mini,openai,gpt-5.4-mini,5,0.5952758988619402,0.4388423271381625,0.39044551399759686
TC-034,text_classification,BBC,business,gpt54,openai,gpt-5.4,5,0.5743865428674211,0.41083860660041815,0.4442603486240261
TC-034,text_classification,BBC,business,gpt54mini,openai,gpt-5.4-mini,5,0.6428684288564969,0.40517384649339744,0.3355322876690653
TC-035,text_classification,BBC,politics,gpt54,openai,gpt-5.4,5,0.7212636750363677,0.2835943091095436,0.298022402786876
TC-035,text_classification,BBC,politics,gpt54mini,openai,gpt-5.4-mini,5,0.740342687490707,0.28808141549994537,0.25511707942277173
